样本ID,Y0_第1月阳转率（短期临床结果）,Y1_第2月阳转率（中期临床结果）,Y2_第6月阳转率（长期临床结果）
1,0.995,0.991,0.962
2,0.993,0.988,0.958
3,0.997,0.994,0.971
4,0.993,0.989,0.959
5,0.989,0.984,0.953
6,0.978,0.965,0.903
7,0.972,0.958,0.896
8,0.905,0.887,0.812
9,0.915,0.893,0.812
10,0.875,0.853,0.768
11,0.823,0.798,0.715
12,0.968,0.954,0.882
13,0.948,0.931,0.857
14,0.992,0.987,0.958
15,0.956,0.942,0.908
16,0.912,0.897,0.825
17,0.865,0.842,0.771
18,0.995,0.991,0.962
19,0.993,0.988,0.958
20,0.997,0.994,0.971
21,0.993,0.989,0.959
22,0.989,0.984,0.953
23,0.978,0.965,0.903
24,0.972,0.958,0.896
25,0.905,0.887,0.812
26,0.915,0.893,0.812
27,0.875,0.853,0.768
28,0.823,0.798,0.715
29,0.968,0.954,0.882
30,0.948,0.931,0.857
31,0.992,0.987,0.958
32,0.956,0.942,0.908
33,0.912,0.897,0.825
34,0.865,0.842,0.771
35,0.995,0.991,0.962
36,0.993,0.988,0.958
37,0.997,0.994,0.971
38,0.993,0.989,0.959
39,0.989,0.984,0.953
40,0.978,0.965,0.903
41,0.972,0.958,0.896
42,0.905,0.887,0.812
43,0.915,0.893,0.812
44,0.875,0.853,0.768
45,0.823,0.798,0.715
46,0.968,0.954,0.882
47,0.948,0.931,0.857
48,0.992,0.987,0.958
49,0.956,0.942,0.908
50,0.912,0.897,0.825
51,0.865,0.842,0.771
52,0.995,0.991,0.962
53,0.993,0.988,0.958
54,0.997,0.994,0.971
55,0.993,0.989,0.959
56,0.989,0.984,0.953
57,0.978,0.965,0.903
58,0.972,0.958,0.896
59,0.905,0.887,0.812
60,0.915,0.893,0.812
61,0.875,0.853,0.768
62,0.823,0.798,0.715
63,0.968,0.954,0.882
64,0.948,0.931,0.857
65,0.992,0.987,0.958
66,0.956,0.942,0.908
67,0.912,0.897,0.825
68,0.865,0.842,0.771
69,0.995,0.991,0.962
70,0.993,0.988,0.958
71,0.997,0.994,0.971
72,0.993,0.989,0.959
73,0.989,0.984,0.953
74,0.978,0.965,0.903
75,0.972,0.958,0.896
76,0.905,0.887,0.812
77,0.915,0.893,0.812
78,0.875,0.853,0.768
79,0.823,0.798,0.715
80,0.968,0.954,0.882
81,0.948,0.931,0.857
82,0.992,0.987,0.958
83,0.956,0.942,0.908
84,0.912,0.897,0.825
85,0.865,0.842,0.771
86,0.995,0.991,0.962
87,0.993,0.988,0.958
88,0.997,0.994,0.971
89,0.993,0.989,0.959
90,0.989,0.984,0.953
91,0.978,0.965,0.903
92,0.972,0.958,0.896
93,0.905,0.887,0.812
94,0.915,0.893,0.812
95,0.875,0.853,0.768
96,0.823,0.798,0.715
97,0.968,0.954,0.882
98,0.948,0.931,0.857
99,0.992,0.987,0.958
100,0.956,0.942,0.908
101,0.912,0.897,0.825
102,0.865,0.842,0.771
103,0.995,0.991,0.962
104,0.993,0.988,0.958
105,0.997,0.994,0.971
106,0.993,0.989,0.959
107,0.989,0.984,0.953
108,0.978,0.965,0.903
109,0.972,0.958,0.896
110,0.905,0.887,0.812
111,0.915,0.893,0.812
112,0.875,0.853,0.768
113,0.823,0.798,0.715
114,0.968,0.954,0.882
115,0.948,0.931,0.857
116,0.992,0.987,0.958
117,0.956,0.942,0.908
118,0.912,0.897,0.825
119,0.865,0.842,0.771
120,0.995,0.991,0.962
121,0.993,0.988,0.958
122,0.997,0.994,0.971
123,0.993,0.989,0.959
124,0.989,0.984,0.953
125,0.978,0.965,0.903
126,0.972,0.958,0.896
127,0.905,0.887,0.812
128,0.915,0.893,0.812
129,0.875,0.853,0.768
130,0.823,0.798,0.715
131,0.968,0.954,0.882
132,0.948,0.931,0.857
133,0.992,0.987,0.958
134,0.956,0.942,0.908
135,0.912,0.897,0.825
136,0.865,0.842,0.771
137,0.995,0.991,0.962
138,0.993,0.988,0.958
139,0.997,0.994,0.971
140,0.993,0.989,0.959
141,0.989,0.984,0.953
142,0.978,0.965,0.903
143,0.972,0.958,0.896
144,0.905,0.887,0.812
145,0.915,0.893,0.812
146,0.875,0.853,0.768
147,0.823,0.798,0.715
148,0.968,0.954,0.882
149,0.948,0.931,0.857
150,0.992,0.987,0.958
151,0.956,0.942,0.908
152,0.912,0.897,0.825
153,0.865,0.842,0.771
154,0.995,0.991,0.962
155,0.993,0.988,0.958
156,0.997,0.994,0.971
157,0.993,0.989,0.959
158,0.989,0.984,0.953
159,0.978,0.965,0.903
160,0.972,0.958,0.896
161,0.905,0.887,0.812
162,0.915,0.893,0.812
163,0.875,0.853,0.768
164,0.823,0.798,0.715
165,0.968,0.954,0.882
166,0.948,0.931,0.857
167,0.992,0.987,0.958
168,0.956,0.942,0.908
169,0.912,0.897,0.825
170,0.865,0.842,0.771
171,0.995,0.991,0.962
172,0.993,0.988,0.958
173,0.997,0.994,0.971
174,0.993,0.989,0.959
175,0.989,0.984,0.953
176,0.978,0.965,0.903
177,0.972,0.958,0.896
178,0.905,0.887,0.812
179,0.915,0.893,0.812
180,0.875,0.853,0.768
181,0.823,0.798,0.715
182,0.968,0.954,0.882
183,0.948,0.931,0.857
184,0.992,0.987,0.958
185,0.956,0.942,0.908
186,0.912,0.897,0.825
187,0.865,0.842,0.771
188,0.995,0.991,0.962
189,0.993,0.988,0.958
190,0.997,0.994,0.971
191,0.993,0.989,0.959
192,0.989,0.984,0.953
193,0.978,0.965,0.903
194,0.972,0.958,0.896
195,0.905,0.887,0.812
196,0.915,0.893,0.812
197,0.875,0.853,0.768
198,0.823,0.798,0.715
199,0.968,0.954,0.882
200,0.948,0.931,0.857
201,0.992,0.987,0.958
202,0.956,0.942,0.908
203,0.912,0.897,0.825
204,0.865,0.842,0.771
205,0.995,0.991,0.962
206,0.993,0.988,0.958
207,0.997,0.994,0.971
208,0.993,0.989,0.959
209,0.989,0.984,0.953
210,0.978,0.965,0.903
211,0.972,0.958,0.896
212,0.905,0.887,0.812
213,0.915,0.893,0.812
214,0.875,0.853,0.768
215,0.823,0.798,0.715
216,0.968,0.954,0.882
217,0.948,0.931,0.857
218,0.992,0.987,0.958
219,0.956,0.942,0.908
220,0.912,0.897,0.825
221,0.865,0.842,0.771
222,0.995,0.991,0.962
223,0.993,0.988,0.958
224,0.997,0.994,0.971
225,0.993,0.989,0.959
226,0.989,0.984,0.953
227,0.978,0.965,0.903
228,0.972,0.958,0.896
229,0.905,0.887,0.812
230,0.915,0.893,0.812
231,0.875,0.853,0.768
232,0.823,0.798,0.715
233,0.968,0.954,0.882
234,0.948,0.931,0.857
235,0.992,0.987,0.958
236,0.956,0.942,0.908
237,0.912,0.897,0.825
238,0.865,0.842,0.771
239,0.995,0.991,0.962
240,0.993,0.988,0.958
241,0.997,0.994,0.971
242,0.993,0.989,0.959
243,0.989,0.984,0.953
244,0.978,0.965,0.903
245,0.972,0.958,0.896
246,0.905,0.887,0.812
247,0.915,0.893,0.812
248,0.875,0.853,0.768
249,0.823,0.798,0.715
250,0.968,0.954,0.882
251,0.948,0.931,0.857
252,0.992,0.987,0.958
253,0.956,0.942,0.908
254,0.912,0.897,0.825
255,0.865,0.842,0.771
256,0.995,0.991,0.962
257,0.993,0.988,0.958
258,0.997,0.994,0.971
259,0.993,0.989,0.959
260,0.989,0.984,0.953
261,0.978,0.965,0.903
262,0.972,0.958,0.896
263,0.905,0.887,0.812
264,0.915,0.893,0.812
265,0.875,0.853,0.768
266,0.823,0.798,0.715
267,0.968,0.954,0.882
268,0.948,0.931,0.857
269,0.992,0.987,0.958
270,0.956,0.942,0.908
271,0.912,0.897,0.825
272,0.865,0.842,0.771
273,0.995,0.991,0.962
274,0.993,0.988,0.958
275,0.997,0.994,0.971
276,0.993,0.989,0.959
277,0.989,0.984,0.953
278,0.978,0.965,0.903
279,0.972,0.958,0.896
280,0.905,0.887,0.812
281,0.915,0.893,0.812
282,0.875,0.853,0.768
283,0.823,0.798,0.715
284,0.968,0.954,0.882
285,0.948,0.931,0.857
286,0.992,0.987,0.958
287,0.956,0.942,0.908
288,0.912,0.897,0.825
289,0.865,0.842,0.771
290,0.995,0.991,0.962
291,0.993,0.988,0.958
292,0.997,0.994,0.971
293,0.993,0.989,0.959
294,0.989,0.984,0.953
295,0.978,0.965,0.903
296,0.972,0.958,0.896
297,0.905,0.887,0.812
298,0.915,0.893,0.812
299,0.875,0.853,0.768
300,0.823,0.798,0.715
304,0.956,0.942,0.908
305,0.912,0.897,0.825
306,0.865,0.842,0.771
307,0.995,0.991,0.962
308,0.993,0.988,0.958
309,0.997,0.994,0.971
310,0.993,0.989,0.959
311,0.989,0.984,0.953
312,0.978,0.965,0.903
313,0.972,0.958,0.896
314,0.905,0.887,0.812
315,0.915,0.893,0.812
316,0.875,0.853,0.768
317,0.823,0.798,0.715
318,0.968,0.954,0.882
319,0.948,0.931,0.857
320,0.992,0.987,0.958
321,0.956,0.942,0.908
322,0.912,0.897,0.825
323,0.865,0.842,0.771
324,0.995,0.991,0.962
325,0.993,0.988,0.958
326,0.997,0.994,0.971
327,0.993,0.989,0.959
328,0.989,0.984,0.953
329,0.978,0.965,0.903
330,0.972,0.958,0.896
331,0.905,0.887,0.812
332,0.915,0.893,0.812
333,0.875,0.853,0.768
334,0.823,0.798,0.715
335,0.968,0.954,0.882
336,0.948,0.931,0.857
337,0.992,0.987,0.958
338,0.956,0.942,0.908
339,0.912,0.897,0.825
340,0.865,0.842,0.771
341,0.995,0.991,0.962
342,0.993,0.988,0.958
343,0.997,0.994,0.971
344,0.993,0.989,0.959
345,0.989,0.984,0.953
346,0.978,0.965,0.903
347,0.972,0.958,0.896
348,0.905,0.887,0.812
349,0.915,0.893,0.812
350,0.875,0.853,0.768
351,0.823,0.798,0.715
352,0.968,0.954,0.882
353,0.948,0.931,0.857
354,0.992,0.987,0.958
355,0.956,0.942,0.908
356,0.912,0.897,0.825
357,0.865,0.842,0.771
358,0.995,0.991,0.962
359,0.993,0.988,0.958
360,0.997,0.994,0.971
361,0.993,0.989,0.959
362,0.989,0.984,0.953
363,0.978,0.965,0.903
364,0.972,0.958,0.896
365,0.905,0.887,0.812
366,0.915,0.893,0.812
367,0.875,0.853,0.768
368,0.823,0.798,0.715
369,0.968,0.954,0.882
370,0.948,0.931,0.857
371,0.992,0.987,0.958
372,0.956,0.942,0.908
373,0.912,0.897,0.825
374,0.865,0.842,0.771
375,0.995,0.991,0.962
376,0.993,0.988,0.958
377,0.997,0.994,0.971
378,0.993,0.989,0.959
379,0.989,0.984,0.953
380,0.978,0.965,0.903
381,0.972,0.958,0.896
382,0.905,0.887,0.812
383,0.915,0.893,0.812
384,0.875,0.853,0.768
385,0.823,0.798,0.715
386,0.968,0.954,0.882
387,0.948,0.931,0.857
388,0.992,0.987,0.958
389,0.956,0.942,0.908
390,0.912,0.897,0.825
391,0.865,0.842,0.771
392,0.995,0.991,0.962
393,0.993,0.988,0.958
394,0.997,0.994,0.971
395,0.993,0.989,0.959
396,0.989,0.984,0.953
397,0.978,0.965,0.903
398,0.972,0.958,0.896
399,0.905,0.887,0.812
400,0.915,0.893,0.812
401,0.875,0.853,0.768
402,0.823,0.798,0.715
403,0.968,0.954,0.882
404,0.948,0.931,0.857
405,0.992,0.987,0.958
406,0.956,0.942,0.908
407,0.912,0.897,0.825
408,0.865,0.842,0.771
409,0.995,0.991,0.962
410,0.993,0.988,0.958
411,0.997,0.994,0.971
412,0.993,0.989,0.959
413,0.989,0.984,0.953
414,0.978,0.965,0.903
415,0.972,0.958,0.896
416,0.905,0.887,0.812
417,0.915,0.893,0.812
418,0.875,0.853,0.768
419,0.823,0.798,0.715
420,0.968,0.954,0.882
421,0.948,0.931,0.857
422,0.992,0.987,0.958
423,0.956,0.942,0.908
424,0.912,0.897,0.825
425,0.865,0.842,0.771
426,0.995,0.991,0.962
427,0.993,0.988,0.958
428,0.997,0.994,0.971
429,0.993,0.989,0.959
430,0.989,0.984,0.953
431,0.978,0.965,0.903
432,0.972,0.958,0.896
433,0.905,0.887,0.812
434,0.915,0.893,0.812
435,0.875,0.853,0.768
436,0.823,0.798,0.715
437,0.968,0.954,0.882
438,0.948,0.931,0.857
439,0.992,0.987,0.958
440,0.956,0.942,0.908
441,0.912,0.897,0.825
442,0.865,0.842,0.771
443,0.995,0.991,0.962
444,0.993,0.988,0.958
445,0.997,0.994,0.971
446,0.993,0.989,0.959
447,0.989,0.984,0.953
448,0.978,0.965,0.903
449,0.972,0.958,0.896
450,0.905,0.887,0.812
451,0.915,0.893,0.812
452,0.875,0.853,0.768
453,0.823,0.798,0.715
454,0.968,0.954,0.882
455,0.948,0.931,0.857
456,0.992,0.987,0.958
457,0.956,0.942,0.908
458,0.912,0.897,0.825
459,0.865,0.842,0.771
460,0.995,0.991,0.962
461,0.993,0.988,0.958
462,0.997,0.994,0.971
463,0.993,0.989,0.959
464,0.989,0.984,0.953
465,0.978,0.965,0.903
466,0.972,0.958,0.896
467,0.905,0.887,0.812
468,0.915,0.893,0.812
469,0.875,0.853,0.768
470,0.823,0.798,0.715
471,0.968,0.954,0.882
472,0.948,0.931,0.857
473,0.992,0.987,0.958
474,0.956,0.942,0.908
475,0.912,0.897,0.825
476,0.865,0.842,0.771
477,0.995,0.991,0.962
478,0.993,0.988,0.958
479,0.997,0.994,0.971
480,0.993,0.989,0.959
481,0.989,0.984,0.953
482,0.978,0.965,0.903
483,0.972,0.958,0.896
484,0.905,0.887,0.812
485,0.915,0.893,0.812
486,0.875,0.853,0.768
487,0.823,0.798,0.715
488,0.968,0.954,0.882
489,0.948,0.931,0.857
490,0.992,0.987,0.958
491,0.956,0.942,0.908
492,0.912,0.897,0.825
493,0.865,0.842,0.771
494,0.995,0.991,0.962
495,0.993,0.988,0.958
496,0.997,0.994,0.971
497,0.993,0.989,0.959
498,0.989,0.984,0.953
499,0.978,0.965,0.903
500,0.972,0.958,0.896
501,0.905,0.887,0.812
502,0.915,0.893,0.812
503,0.875,0.853,0.768
504,0.823,0.798,0.715
505,0.968,0.954,0.882
506,0.948,0.931,0.857
507,0.992,0.987,0.958
508,0.956,0.942,0.908
509,0.912,0.897,0.825
510,0.865,0.842,0.771
511,0.995,0.991,0.962
512,0.993,0.988,0.958
513,0.997,0.994,0.971
514,0.993,0.989,0.959
515,0.989,0.984,0.953
516,0.978,0.965,0.903
517,0.972,0.958,0.896
518,0.905,0.887,0.812
519,0.915,0.893,0.812
520,0.875,0.853,0.768
521,0.823,0.798,0.715
522,0.968,0.954,0.882
523,0.948,0.931,0.857
524,0.992,0.987,0.958
525,0.956,0.942,0.908
526,0.912,0.897,0.825
527,0.865,0.842,0.771
528,0.995,0.991,0.962
529,0.993,0.988,0.958
530,0.997,0.994,0.971
531,0.993,0.989,0.959
532,0.989,0.984,0.953
533,0.978,0.965,0.903
534,0.972,0.958,0.896
535,0.905,0.887,0.812
536,0.915,0.893,0.812
537,0.875,0.853,0.768
538,0.823,0.798,0.715
539,0.968,0.954,0.882
540,0.948,0.931,0.857
541,0.992,0.987,0.958
542,0.956,0.942,0.908
543,0.912,0.897,0.825
544,0.865,0.842,0.771
545,0.995,0.991,0.962
546,0.993,0.988,0.958
547,0.997,0.994,0.971
548,0.993,0.989,0.959
549,0.989,0.984,0.953
550,0.978,0.965,0.903
551,0.972,0.958,0.896
552,0.905,0.887,0.812
553,0.915,0.893,0.812
554,0.875,0.853,0.768
555,0.823,0.798,0.715
556,0.968,0.954,0.882
557,0.948,0.931,0.857
558,0.992,0.987,0.958
559,0.956,0.942,0.908
560,0.912,0.897,0.825
561,0.865,0.842,0.771
562,0.995,0.991,0.962
563,0.993,0.988,0.958
564,0.997,0.994,0.971
565,0.993,0.989,0.959
566,0.989,0.984,0.953
567,0.978,0.965,0.903
568,0.972,0.958,0.896
569,0.905,0.887,0.812
570,0.915,0.893,0.812
571,0.875,0.853,0.768
572,0.823,0.798,0.715
573,0.968,0.954,0.882
574,0.948,0.931,0.857
575,0.992,0.987,0.958
576,0.956,0.942,0.908
577,0.912,0.897,0.825
578,0.865,0.842,0.771
579,0.995,0.991,0.962
580,0.993,0.988,0.958
581,0.997,0.994,0.971
582,0.993,0.989,0.959
583,0.989,0.984,0.953
584,0.978,0.965,0.903
585,0.972,0.958,0.896
586,0.905,0.887,0.812
587,0.915,0.893,0.812
588,0.875,0.853,0.768
589,0.823,0.798,0.715
590,0.968,0.954,0.882
591,0.948,0.931,0.857
592,0.992,0.987,0.958
593,0.956,0.942,0.908
594,0.912,0.897,0.825
595,0.865,0.842,0.771
596,0.995,0.991,0.962
597,0.993,0.988,0.958
598,0.997,0.994,0.971
599,0.993,0.989,0.959
600,0.989,0.984,0.953
604,0.915,0.893,0.812
605,0.875,0.853,0.768
606,0.823,0.798,0.715
607,0.968,0.954,0.882
608,0.948,0.931,0.857
609,0.992,0.987,0.958
610,0.956,0.942,0.908
611,0.912,0.897,0.825
612,0.865,0.842,0.771
613,0.995,0.991,0.962
614,0.993,0.988,0.958
615,0.997,0.994,0.971
616,0.993,0.989,0.959
617,0.989,0.984,0.953
618,0.978,0.965,0.903
619,0.972,0.958,0.896
620,0.905,0.887,0.812
621,0.915,0.893,0.812
622,0.875,0.853,0.768
623,0.823,0.798,0.715
624,0.968,0.954,0.882
625,0.948,0.931,0.857
626,0.992,0.987,0.958
627,0.956,0.942,0.908
628,0.912,0.897,0.825
629,0.865,0.842,0.771
630,0.995,0.991,0.962
631,0.993,0.988,0.958
632,0.997,0.994,0.971
633,0.993,0.989,0.959
634,0.989,0.984,0.953
635,0.978,0.965,0.903
636,0.972,0.958,0.896
637,0.905,0.887,0.812
638,0.915,0.893,0.812
639,0.875,0.853,0.768
640,0.823,0.798,0.715
641,0.968,0.954,0.882
642,0.948,0.931,0.857
643,0.992,0.987,0.958
644,0.956,0.942,0.908
645,0.912,0.897,0.825
646,0.865,0.842,0.771
647,0.995,0.991,0.962
648,0.993,0.988,0.958
649,0.997,0.994,0.971
650,0.993,0.989,0.959
651,0.989,0.984,0.953
652,0.978,0.965,0.903
653,0.972,0.958,0.896
654,0.905,0.887,0.812
655,0.915,0.893,0.812
656,0.875,0.853,0.768
657,0.823,0.798,0.715
658,0.968,0.954,0.882
659,0.948,0.931,0.857
660,0.992,0.987,0.958
661,0.956,0.942,0.908
662,0.912,0.897,0.825
663,0.865,0.842,0.771
664,0.995,0.991,0.962
665,0.993,0.988,0.958
666,0.997,0.994,0.971
667,0.993,0.989,0.959
668,0.989,0.984,0.953
669,0.978,0.965,0.903
670,0.972,0.958,0.896
671,0.905,0.887,0.812
672,0.915,0.893,0.812
673,0.875,0.853,0.768
674,0.823,0.798,0.715
675,0.968,0.954,0.882
676,0.948,0.931,0.857
677,0.992,0.987,0.958
678,0.956,0.942,0.908
679,0.912,0.897,0.825
680,0.865,0.842,0.771
681,0.995,0.991,0.962
682,0.993,0.988,0.958
683,0.997,0.994,0.971
684,0.993,0.989,0.959
685,0.989,0.984,0.953
686,0.978,0.965,0.903
687,0.972,0.958,0.896
688,0.905,0.887,0.812
689,0.915,0.893,0.812
690,0.875,0.853,0.768
691,0.823,0.798,0.715
692,0.968,0.954,0.882
693,0.948,0.931,0.857
694,0.992,0.987,0.958
695,0.956,0.942,0.908
696,0.912,0.897,0.825
697,0.865,0.842,0.771
698,0.995,0.991,0.962
699,0.993,0.988,0.958
700,0.997,0.994,0.971
701,0.993,0.989,0.959
702,0.989,0.984,0.953
703,0.978,0.965,0.903
704,0.972,0.958,0.896
705,0.905,0.887,0.812
706,0.915,0.893,0.812
707,0.875,0.853,0.768
708,0.823,0.798,0.715
709,0.968,0.954,0.882
710,0.948,0.931,0.857
711,0.992,0.987,0.958
712,0.956,0.942,0.908
713,0.912,0.897,0.825
714,0.865,0.842,0.771
715,0.995,0.991,0.962
716,0.993,0.988,0.958
717,0.997,0.994,0.971
718,0.993,0.989,0.959
719,0.989,0.984,0.953
720,0.978,0.965,0.903
721,0.972,0.958,0.896
722,0.905,0.887,0.812
723,0.915,0.893,0.812
724,0.875,0.853,0.768
725,0.823,0.798,0.715
726,0.968,0.954,0.882
727,0.948,0.931,0.857
728,0.992,0.987,0.958
729,0.956,0.942,0.908
730,0.912,0.897,0.825
731,0.865,0.842,0.771
732,0.995,0.991,0.962
733,0.993,0.988,0.958
734,0.997,0.994,0.971
735,0.993,0.989,0.959
736,0.989,0.984,0.953
737,0.978,0.965,0.903
738,0.972,0.958,0.896
739,0.905,0.887,0.812
740,0.915,0.893,0.812
741,0.875,0.853,0.768
742,0.823,0.798,0.715
743,0.968,0.954,0.882
744,0.948,0.931,0.857
745,0.992,0.987,0.958
746,0.956,0.942,0.908
747,0.912,0.897,0.825
748,0.865,0.842,0.771
749,0.995,0.991,0.962
750,0.993,0.988,0.958
751,0.997,0.994,0.971
752,0.993,0.989,0.959
753,0.989,0.984,0.953
754,0.978,0.965,0.903
755,0.972,0.958,0.896
756,0.905,0.887,0.812
757,0.915,0.893,0.812
758,0.875,0.853,0.768
759,0.823,0.798,0.715
760,0.968,0.954,0.882
761,0.948,0.931,0.857
762,0.992,0.987,0.958
763,0.956,0.942,0.908
764,0.912,0.897,0.825
765,0.865,0.842,0.771
766,0.995,0.991,0.962
767,0.993,0.988,0.958
768,0.997,0.994,0.971
769,0.993,0.989,0.959
770,0.989,0.984,0.953
771,0.978,0.965,0.903
772,0.972,0.958,0.896
773,0.905,0.887,0.812
774,0.915,0.893,0.812
775,0.875,0.853,0.768
776,0.823,0.798,0.715
777,0.968,0.954,0.882
778,0.948,0.931,0.857
779,0.992,0.987,0.958
780,0.956,0.942,0.908
781,0.912,0.897,0.825
782,0.865,0.842,0.771
783,0.995,0.991,0.962
784,0.993,0.988,0.958
785,0.997,0.994,0.971
786,0.993,0.989,0.959
787,0.989,0.984,0.953
788,0.978,0.965,0.903
789,0.972,0.958,0.896
790,0.905,0.887,0.812
791,0.915,0.893,0.812
792,0.875,0.853,0.768
793,0.823,0.798,0.715
794,0.968,0.954,0.882
795,0.948,0.931,0.857
796,0.992,0.987,0.958
797,0.956,0.942,0.908
798,0.912,0.897,0.825
799,0.865,0.842,0.771
800,0.995,0.991,0.962
801,0.993,0.988,0.958
802,0.997,0.994,0.971
803,0.993,0.989,0.959
804,0.989,0.984,0.953
805,0.978,0.965,0.903
806,0.972,0.958,0.896
807,0.905,0.887,0.812
808,0.915,0.893,0.812
809,0.875,0.853,0.768
810,0.823,0.798,0.715
811,0.968,0.954,0.882
812,0.948,0.931,0.857
813,0.992,0.987,0.958
814,0.956,0.942,0.908
815,0.912,0.897,0.825
816,0.865,0.842,0.771
817,0.995,0.991,0.962
818,0.993,0.988,0.958
819,0.997,0.994,0.971
820,0.993,0.989,0.959
821,0.989,0.984,0.953
822,0.978,0.965,0.903
823,0.972,0.958,0.896
824,0.905,0.887,0.812
825,0.915,0.893,0.812
826,0.875,0.853,0.768
827,0.823,0.798,0.715
828,0.968,0.954,0.882
829,0.948,0.931,0.857
830,0.992,0.987,0.958
831,0.956,0.942,0.908
832,0.912,0.897,0.825
833,0.865,0.842,0.771
834,0.995,0.991,0.962
835,0.993,0.988,0.958
836,0.997,0.994,0.971
837,0.993,0.989,0.959
838,0.989,0.984,0.953
839,0.978,0.965,0.903
840,0.972,0.958,0.896
841,0.905,0.887,0.812
842,0.915,0.893,0.812
843,0.875,0.853,0.768
844,0.823,0.798,0.715
845,0.968,0.954,0.882
846,0.948,0.931,0.857
847,0.992,0.987,0.958
848,0.956,0.942,0.908
849,0.912,0.897,0.825
850,0.865,0.842,0.771
851,0.995,0.991,0.962
852,0.993,0.988,0.958
853,0.997,0.994,0.971
854,0.993,0.989,0.959
855,0.989,0.984,0.953
856,0.978,0.965,0.903
857,0.972,0.958,0.896
858,0.905,0.887,0.812
859,0.915,0.893,0.812
860,0.875,0.853,0.768
861,0.823,0.798,0.715
862,0.968,0.954,0.882
863,0.948,0.931,0.857
864,0.992,0.987,0.958
865,0.956,0.942,0.908
866,0.912,0.897,0.825
867,0.865,0.842,0.771
868,0.995,0.991,0.962
869,0.993,0.988,0.958
870,0.997,0.994,0.971
871,0.993,0.989,0.959
872,0.989,0.984,0.953
873,0.978,0.965,0.903
874,0.972,0.958,0.896
875,0.905,0.887,0.812
876,0.915,0.893,0.812
877,0.875,0.853,0.768
878,0.823,0.798,0.715
879,0.968,0.954,0.882
880,0.948,0.931,0.857
881,0.992,0.987,0.958
882,0.956,0.942,0.908
883,0.912,0.897,0.825
884,0.865,0.842,0.771
885,0.995,0.991,0.962
886,0.993,0.988,0.958
887,0.997,0.994,0.971
888,0.993,0.989,0.959
889,0.989,0.984,0.953
890,0.978,0.965,0.903
891,0.972,0.958,0.896
892,0.905,0.887,0.812
893,0.915,0.893,0.812
894,0.875,0.853,0.768
895,0.823,0.798,0.715
896,0.968,0.954,0.882
897,0.948,0.931,0.857
898,0.992,0.987,0.958
899,0.956,0.942,0.908
900,0.912,0.897,0.825
903,0.993,0.988,0.958
904,0.997,0.994,0.971
905,0.993,0.989,0.959
906,0.989,0.984,0.953
907,0.978,0.965,0.903
908,0.972,0.958,0.896
909,0.905,0.887,0.812
910,0.915,0.893,0.812
911,0.875,0.853,0.768
912,0.823,0.798,0.715
913,0.968,0.954,0.882
914,0.948,0.931,0.857
915,0.992,0.987,0.958
916,0.956,0.942,0.908
917,0.912,0.897,0.825
918,0.865,0.842,0.771
919,0.995,0.991,0.962
920,0.993,0.988,0.958
921,0.997,0.994,0.971
922,0.993,0.989,0.959
923,0.989,0.984,0.953
924,0.978,0.965,0.903
925,0.972,0.958,0.896
926,0.905,0.887,0.812
927,0.915,0.893,0.812
928,0.875,0.853,0.768
929,0.823,0.798,0.715
930,0.968,0.954,0.882
931,0.948,0.931,0.857
932,0.992,0.987,0.958
933,0.956,0.942,0.908
934,0.912,0.897,0.825
935,0.865,0.842,0.771
936,0.995,0.991,0.962
937,0.993,0.988,0.958
938,0.997,0.994,0.971
939,0.993,0.989,0.959
940,0.989,0.984,0.953
941,0.978,0.965,0.903
942,0.972,0.958,0.896
943,0.905,0.887,0.812
944,0.915,0.893,0.812
945,0.875,0.853,0.768
946,0.823,0.798,0.715
947,0.968,0.954,0.882
948,0.948,0.931,0.857
949,0.992,0.987,0.958
950,0.956,0.942,0.908
951,0.912,0.897,0.825
952,0.865,0.842,0.771
953,0.995,0.991,0.962
954,0.993,0.988,0.958
955,0.997,0.994,0.971
956,0.993,0.989,0.959
957,0.989,0.984,0.953
958,0.978,0.965,0.903
959,0.972,0.958,0.896
960,0.905,0.887,0.812
961,0.915,0.893,0.812
962,0.875,0.853,0.768
963,0.823,0.798,0.715
964,0.968,0.954,0.882
965,0.948,0.931,0.857
966,0.992,0.987,0.958
967,0.956,0.942,0.908
968,0.912,0.897,0.825
969,0.865,0.842,0.771
970,0.995,0.991,0.962
971,0.993,0.988,0.958
972,0.997,0.994,0.971
973,0.993,0.989,0.959
974,0.989,0.984,0.953
975,0.978,0.965,0.903
976,0.972,0.958,0.896
977,0.905,0.887,0.812
978,0.915,0.893,0.812
979,0.875,0.853,0.768
980,0.823,0.798,0.715
981,0.968,0.954,0.882
982,0.948,0.931,0.857
983,0.992,0.987,0.958
984,0.956,0.942,0.908
985,0.912,0.897,0.825
986,0.865,0.842,0.771
987,0.995,0.991,0.962
988,0.993,0.988,0.958
989,0.997,0.994,0.971
990,0.993,0.989,0.959
991,0.989,0.984,0.953
992,0.978,0.965,0.903
993,0.972,0.958,0.896
994,0.905,0.887,0.812
995,0.915,0.893,0.812
996,0.875,0.853,0.768
997,0.823,0.798,0.715
998,0.968,0.954,0.882
999,0.948,0.931,0.857
1000,0.992,0.987,0.958
1001,0.956,0.942,0.908
1002,0.912,0.897,0.825
1003,0.865,0.842,0.771
1004,0.995,0.991,0.962
1005,0.993,0.988,0.958
1006,0.997,0.994,0.971
1007,0.993,0.989,0.959
1008,0.989,0.984,0.953
1009,0.978,0.965,0.903
1010,0.972,0.958,0.896
1011,0.905,0.887,0.812
1012,0.915,0.893,0.812
1013,0.875,0.853,0.768
1014,0.823,0.798,0.715
1015,0.968,0.954,0.882
1016,0.948,0.931,0.857
1017,0.992,0.987,0.958
1018,0.956,0.942,0.908
1019,0.912,0.897,0.825
1020,0.865,0.842,0.771
1021,0.995,0.991,0.962
1022,0.993,0.988,0.958
1023,0.997,0.994,0.971
1024,0.993,0.989,0.959
1025,0.989,0.984,0.953
1026,0.978,0.965,0.903
1027,0.972,0.958,0.896
1028,0.905,0.887,0.812
1029,0.915,0.893,0.812
1030,0.875,0.853,0.768
1031,0.823,0.798,0.715
1032,0.968,0.954,0.882
1033,0.948,0.931,0.857
1034,0.992,0.987,0.958
1035,0.956,0.942,0.908
1036,0.912,0.897,0.825
1037,0.865,0.842,0.771
1038,0.995,0.991,0.962
1039,0.993,0.988,0.958
1040,0.997,0.994,0.971
1041,0.993,0.989,0.959
1042,0.989,0.984,0.953
1043,0.978,0.965,0.903
1044,0.972,0.958,0.896
1045,0.905,0.887,0.812
1046,0.915,0.893,0.812
1047,0.875,0.853,0.768
1048,0.823,0.798,0.715
1049,0.968,0.954,0.882
1050,0.948,0.931,0.857
1051,0.992,0.987,0.958
1052,0.956,0.942,0.908
1053,0.912,0.897,0.825
1054,0.865,0.842,0.771
1055,0.995,0.991,0.962
1056,0.993,0.988,0.958
1057,0.997,0.994,0.971
1058,0.993,0.989,0.959
1059,0.989,0.984,0.953
1060,0.978,0.965,0.903
1061,0.972,0.958,0.896
1062,0.905,0.887,0.812
1063,0.915,0.893,0.812
1064,0.875,0.853,0.768
1065,0.823,0.798,0.715
1066,0.968,0.954,0.882
1067,0.948,0.931,0.857
1068,0.992,0.987,0.958
1069,0.956,0.942,0.908
1070,0.912,0.897,0.825
1071,0.865,0.842,0.771
1072,0.995,0.991,0.962
1073,0.993,0.988,0.958
1074,0.997,0.994,0.971
1075,0.993,0.989,0.959
1076,0.989,0.984,0.953
1077,0.978,0.965,0.903
1078,0.972,0.958,0.896
1079,0.905,0.887,0.812
1080,0.915,0.893,0.812
1081,0.875,0.853,0.768
1082,0.823,0.798,0.715
1083,0.968,0.954,0.882
1084,0.948,0.931,0.857
1085,0.992,0.987,0.958
1086,0.956,0.942,0.908
1087,0.912,0.897,0.825
1088,0.865,0.842,0.771
1089,0.995,0.991,0.962
1090,0.993,0.988,0.958
1091,0.997,0.994,0.971
1092,0.993,0.989,0.959
1093,0.989,0.984,0.953
1094,0.978,0.965,0.903
1095,0.972,0.958,0.896
1096,0.905,0.887,0.812
1097,0.915,0.893,0.812
1098,0.875,0.853,0.768
1099,0.823,0.798,0.715
1100,0.968,0.954,0.882
1103,0.956,0.942,0.908
1104,0.912,0.897,0.825
1105,0.865,0.842,0.771
1106,0.995,0.991,0.962
1107,0.993,0.988,0.958
1108,0.997,0.994,0.971
1109,0.993,0.989,0.959
1110,0.989,0.984,0.953
1111,0.978,0.965,0.903
1112,0.972,0.958,0.896
1113,0.905,0.887,0.812
1114,0.915,0.893,0.812
1115,0.875,0.853,0.768
1116,0.823,0.798,0.715
1117,0.968,0.954,0.882
1118,0.948,0.931,0.857
1119,0.992,0.987,0.958
1120,0.956,0.942,0.908
1121,0.912,0.897,0.825
1122,0.865,0.842,0.771
1123,0.995,0.991,0.962
1124,0.993,0.988,0.958
1125,0.997,0.994,0.971
1126,0.993,0.989,0.959
1127,0.989,0.984,0.953
1128,0.978,0.965,0.903
1129,0.972,0.958,0.896
1130,0.905,0.887,0.812
1131,0.915,0.893,0.812
1132,0.875,0.853,0.768
1133,0.823,0.798,0.715
1134,0.968,0.954,0.882
1135,0.948,0.931,0.857
1136,0.992,0.987,0.958
1137,0.956,0.942,0.908
1138,0.912,0.897,0.825
1139,0.865,0.842,0.771
1140,0.995,0.991,0.962
1141,0.993,0.988,0.958
1142,0.997,0.994,0.971
1143,0.993,0.989,0.959
1144,0.989,0.984,0.953
1145,0.978,0.965,0.903
1146,0.972,0.958,0.896
1147,0.905,0.887,0.812
1148,0.915,0.893,0.812
1149,0.875,0.853,0.768
1150,0.823,0.798,0.715
1151,0.968,0.954,0.882
1152,0.948,0.931,0.857
1153,0.992,0.987,0.958
1154,0.956,0.942,0.908
1155,0.912,0.897,0.825
1156,0.865,0.842,0.771
1157,0.995,0.991,0.962
1158,0.993,0.988,0.958
1159,0.997,0.994,0.971
1160,0.993,0.989,0.959
1161,0.989,0.984,0.953
1162,0.978,0.965,0.903
1163,0.972,0.958,0.896
1164,0.905,0.887,0.812
1165,0.915,0.893,0.812
1166,0.875,0.853,0.768
1167,0.823,0.798,0.715
1168,0.968,0.954,0.882
1169,0.948,0.931,0.857
1170,0.992,0.987,0.958
1171,0.956,0.942,0.908
1172,0.912,0.897,0.825
1173,0.865,0.842,0.771
1174,0.995,0.991,0.962
1175,0.993,0.988,0.958
1176,0.997,0.994,0.971
1177,0.993,0.989,0.959
1178,0.989,0.984,0.953
1179,0.978,0.965,0.903
1180,0.972,0.958,0.896
1181,0.905,0.887,0.812
1182,0.915,0.893,0.812
1183,0.875,0.853,0.768
1184,0.823,0.798,0.715
1185,0.968,0.954,0.882
1186,0.948,0.931,0.857
1187,0.992,0.987,0.958
1188,0.956,0.942,0.908
1189,0.912,0.897,0.825
1190,0.865,0.842,0.771
1191,0.995,0.991,0.962
1192,0.993,0.988,0.958
1193,0.997,0.994,0.971
1194,0.993,0.989,0.959
1195,0.989,0.984,0.953
1196,0.978,0.965,0.903
1197,0.972,0.958,0.896
1198,0.905,0.887,0.812
1199,0.915,0.893,0.812
1200,0.875,0.853,0.768
1201,0.823,0.798,0.715
1202,0.968,0.954,0.882
1203,0.948,0.931,0.857
1204,0.992,0.987,0.958
1205,0.956,0.942,0.908
1206,0.912,0.897,0.825
1207,0.865,0.842,0.771
1208,0.995,0.991,0.962
1209,0.993,0.988,0.958
1210,0.997,0.994,0.971
1211,0.993,0.989,0.959
1212,0.989,0.984,0.953
1213,0.978,0.965,0.903
1214,0.972,0.958,0.896
1215,0.905,0.887,0.812
1216,0.915,0.893,0.812
1217,0.875,0.853,0.768
1218,0.823,0.798,0.715
1219,0.968,0.954,0.882
1220,0.948,0.931,0.857
1221,0.992,0.987,0.958
1222,0.956,0.942,0.908
1223,0.912,0.897,0.825
1224,0.865,0.842,0.771
1225,0.995,0.991,0.962
1226,0.993,0.988,0.958
1227,0.997,0.994,0.971
1228,0.993,0.989,0.959
1229,0.989,0.984,0.953
1230,0.978,0.965,0.903
1231,0.972,0.958,0.896
1232,0.905,0.887,0.812
1233,0.915,0.893,0.812
1234,0.875,0.853,0.768
1235,0.823,0.798,0.715
1236,0.968,0.954,0.882
1237,0.948,0.931,0.857
1238,0.992,0.987,0.958
1239,0.956,0.942,0.908
1240,0.912,0.897,0.825
1241,0.865,0.842,0.771
1242,0.995,0.991,0.962
1243,0.993,0.988,0.958
1244,0.997,0.994,0.971
1245,0.993,0.989,0.959
1246,0.989,0.984,0.953
1247,0.978,0.965,0.903
1248,0.972,0.958,0.896
1249,0.905,0.887,0.812
1250,0.915,0.893,0.812
1251,0.875,0.853,0.768
1252,0.823,0.798,0.715
1253,0.968,0.954,0.882
1254,0.948,0.931,0.857
1255,0.992,0.987,0.958
1256,0.956,0.942,0.908
1257,0.912,0.897,0.825
1258,0.865,0.842,0.771
1259,0.995,0.991,0.962
1260,0.993,0.988,0.958
1261,0.997,0.994,0.971
1262,0.993,0.989,0.959
1263,0.989,0.984,0.953
1264,0.978,0.965,0.903
1265,0.972,0.958,0.896
1266,0.905,0.887,0.812
1267,0.915,0.893,0.812
1268,0.875,0.853,0.768
1269,0.823,0.798,0.715
1270,0.968,0.954,0.882
1271,0.948,0.931,0.857
1272,0.992,0.987,0.958
1273,0.956,0.942,0.908
1274,0.912,0.897,0.825
1275,0.865,0.842,0.771
1276,0.995,0.991,0.962
1277,0.993,0.988,0.958
1278,0.997,0.994,0.971
1279,0.993,0.989,0.959
1280,0.989,0.984,0.953
1281,0.978,0.965,0.903
1282,0.972,0.958,0.896
1283,0.905,0.887,0.812
1284,0.915,0.893,0.812
1285,0.875,0.853,0.768
1286,0.823,0.798,0.715
1287,0.968,0.954,0.882
1288,0.948,0.931,0.857
1289,0.992,0.987,0.958
1290,0.956,0.942,0.908
1291,0.912,0.897,0.825
1292,0.865,0.842,0.771
1293,0.995,0.991,0.962
1294,0.993,0.988,0.958
1295,0.997,0.994,0.971
1296,0.993,0.989,0.959
1297,0.989,0.984,0.953
1298,0.978,0.965,0.903
1299,0.972,0.958,0.896
1300,0.905,0.887,0.812
1303,0.823,0.798,0.715
1304,0.968,0.954,0.882
1305,0.948,0.931,0.857
1306,0.992,0.987,0.958
1307,0.956,0.942,0.908
1308,0.912,0.897,0.825
1309,0.865,0.842,0.771
1310,0.995,0.991,0.962
1311,0.993,0.988,0.958
1312,0.997,0.994,0.971
1313,0.993,0.989,0.959
1314,0.989,0.984,0.953
1315,0.978,0.965,0.903
1316,0.972,0.958,0.896
1317,0.905,0.887,0.812
1318,0.915,0.893,0.812
1319,0.875,0.853,0.768
1320,0.823,0.798,0.715
1321,0.968,0.954,0.882
1322,0.948,0.931,0.857
1323,0.992,0.987,0.958
1324,0.956,0.942,0.908
1325,0.912,0.897,0.825
1326,0.865,0.842,0.771
1327,0.995,0.991,0.962
1328,0.993,0.988,0.958
1329,0.997,0.994,0.971
1330,0.993,0.989,0.959
1331,0.989,0.984,0.953
1332,0.978,0.965,0.903
1333,0.972,0.958,0.896
1334,0.905,0.887,0.812
1335,0.915,0.893,0.812
1336,0.875,0.853,0.768
1337,0.823,0.798,0.715
1338,0.968,0.954,0.882
1339,0.948,0.931,0.857
1340,0.992,0.987,0.958
1341,0.956,0.942,0.908
1342,0.912,0.897,0.825
1343,0.865,0.842,0.771
1344,0.995,0.991,0.962
1345,0.993,0.988,0.958
1346,0.997,0.994,0.971
1347,0.993,0.989,0.959
1348,0.989,0.984,0.953
1349,0.978,0.965,0.903
1350,0.972,0.958,0.896
1351,0.905,0.887,0.812
1352,0.915,0.893,0.812
1353,0.875,0.853,0.768
1354,0.823,0.798,0.715
1355,0.968,0.954,0.882
1356,0.948,0.931,0.857
1357,0.992,0.987,0.958
1358,0.956,0.942,0.908
1359,0.912,0.897,0.825
1360,0.865,0.842,0.771
1361,0.995,0.991,0.962
1362,0.993,0.988,0.958
1363,0.997,0.994,0.971
1364,0.993,0.989,0.959
1365,0.989,0.984,0.953
1366,0.978,0.965,0.903
1367,0.972,0.958,0.896
1368,0.905,0.887,0.812
1369,0.915,0.893,0.812
1370,0.875,0.853,0.768
1371,0.823,0.798,0.715
1372,0.968,0.954,0.882
1373,0.948,0.931,0.857
1374,0.992,0.987,0.958
1375,0.956,0.942,0.908
1376,0.912,0.897,0.825
1377,0.865,0.842,0.771
1378,0.995,0.991,0.962
1379,0.993,0.988,0.958
1380,0.997,0.994,0.971
1381,0.993,0.989,0.959
1382,0.989,0.984,0.953
1383,0.978,0.965,0.903
1384,0.972,0.958,0.896
1385,0.905,0.887,0.812
1386,0.915,0.893,0.812
1387,0.875,0.853,0.768
1388,0.823,0.798,0.715
1389,0.968,0.954,0.882
1390,0.948,0.931,0.857
1391,0.992,0.987,0.958
1392,0.956,0.942,0.908
1393,0.912,0.897,0.825
1394,0.865,0.842,0.771
1395,0.995,0.991,0.962
1396,0.993,0.988,0.958
1397,0.997,0.994,0.971
1398,0.993,0.989,0.959
1399,0.989,0.984,0.953
1400,0.978,0.965,0.903
1401,0.972,0.958,0.896
1402,0.905,0.887,0.812
1403,0.915,0.893,0.812
1404,0.875,0.853,0.768
1405,0.823,0.798,0.715
1406,0.968,0.954,0.882
1407,0.948,0.931,0.857
1408,0.992,0.987,0.958
1409,0.956,0.942,0.908
1410,0.912,0.897,0.825
1411,0.865,0.842,0.771
1412,0.995,0.991,0.962
1413,0.993,0.988,0.958
1414,0.997,0.994,0.971
1415,0.993,0.989,0.959
1416,0.989,0.984,0.953
1417,0.978,0.965,0.903
1418,0.972,0.958,0.896
1419,0.905,0.887,0.812
1420,0.915,0.893,0.812
1421,0.875,0.853,0.768
1422,0.823,0.798,0.715
1423,0.968,0.954,0.882
1424,0.948,0.931,0.857
1425,0.992,0.987,0.958
1426,0.956,0.942,0.908
1427,0.912,0.897,0.825
1428,0.865,0.842,0.771
1429,0.995,0.991,0.962
1430,0.993,0.988,0.958
1431,0.997,0.994,0.971
1432,0.993,0.989,0.959
1433,0.989,0.984,0.953
1434,0.978,0.965,0.903
1435,0.972,0.958,0.896
1436,0.905,0.887,0.812
1437,0.915,0.893,0.812
1438,0.875,0.853,0.768
1439,0.823,0.798,0.715
1440,0.968,0.954,0.882
1441,0.948,0.931,0.857
1442,0.992,0.987,0.958
1443,0.956,0.942,0.908
1444,0.912,0.897,0.825
1445,0.865,0.842,0.771
1446,0.995,0.991,0.962
1447,0.993,0.988,0.958
1448,0.997,0.994,0.971
1449,0.993,0.989,0.959
1450,0.989,0.984,0.953
1451,0.978,0.965,0.903
1452,0.972,0.958,0.896
1453,0.905,0.887,0.812
1454,0.915,0.893,0.812
1455,0.875,0.853,0.768
1456,0.823,0.798,0.715
1457,0.968,0.954,0.882
1458,0.948,0.931,0.857
1459,0.992,0.987,0.958
1460,0.956,0.942,0.908
1461,0.912,0.897,0.825
1462,0.865,0.842,0.771
1463,0.995,0.991,0.962
1464,0.993,0.988,0.958
1465,0.997,0.994,0.971
1466,0.993,0.989,0.959
1467,0.989,0.984,0.953
1468,0.978,0.965,0.903
1469,0.972,0.958,0.896
1470,0.905,0.887,0.812
1471,0.915,0.893,0.812
1472,0.875,0.853,0.768
1473,0.823,0.798,0.715
1474,0.968,0.954,0.882
1475,0.948,0.931,0.857
1476,0.992,0.987,0.958
1477,0.956,0.942,0.908
1478,0.912,0.897,0.825
1479,0.865,0.842,0.771
1480,0.995,0.991,0.962
1481,0.993,0.988,0.958
1482,0.997,0.994,0.971
1483,0.993,0.989,0.959
1484,0.989,0.984,0.953
1485,0.978,0.965,0.903
1486,0.972,0.958,0.896
1487,0.905,0.887,0.812
1488,0.915,0.893,0.812
1489,0.875,0.853,0.768
1490,0.823,0.798,0.715
1491,0.968,0.954,0.882
1492,0.948,0.931,0.857
1493,0.992,0.987,0.958
1494,0.956,0.942,0.908
1495,0.912,0.897,0.825
1496,0.865,0.842,0.771
1497,0.995,0.991,0.962
1498,0.993,0.988,0.958
1499,0.997,0.994,0.971
1500,0.993,0.989,0.959
